title,description,date
"Cerita Sunarti dan Cucunya Naik Genteng Saat Banjir Terjang Jatinangor

","Cerita Sunarti dan Cucunya Naik Genteng Saat Banjir Terjang Jatinangor

Banjir yang menerjang kawasan Jatinangor, Sumedang pada Jumat (24/12/2021)
sore, menyisakan trauma bagi warga. Salah satunya dialami oleh Sunarti, Warga
Desa Cipacing.

 Sunarti yang saat itu sedang membaca Al-Quran setelah melaksanakan sholat
ashar, tiba-tiba dikejutkan dengan keberadaan air yang masuk ke dalam
rumahnya. Saat itu, ia pun hanya bersama seorang cucunya yang masih kecil.

 ""Kejadiannya mendadak sekali, saya habis shalat ashar kemudian mengaji dan
baru pertengahan surat Ar-Rahman, tiba-tiba mukena saya basah semua,""
ungkapnya kepada

 Lalu, ia pun bergegas membuka pintu depan lantaran penasaran ingin tahu
darimana datangnya aliran air sampai bisa masuk ke dalam rumahnya. Namun tanpa
disangka, saat ia membuka pintu depan rumah, air yang begitu deras secepat
kilat menerjang ke dalam rumah.

 ""Pokoknya pas lihat ke dalam rumah, saking airnya sangat deras, barang-barang
semua pada mengambang dan terendam, barang elektronik termasuk motor,""
paparnya.

 Sebelum air setinggi kurang lebih 2 meter merendam rumahnya, Sunarti pun
langsung berlari ke arah cucunya yang sedari tadi tidur di tempat ia mengaji.

 Tanpa pikir panjang, Ia pun langsung memboyong cucunya dan berlari ke belakang
rumahnya. Dengan susah payah, Sunarti yang kala itu sambil menggendong cucunya
kemudian naik ke atas genteng melalui instalasi toren air.

 ""Saya bopong cucu saya yang lagi tidur di tempat saya mengaji, kemudian saya
naik atas genteng lewat toren air di belakang rumah, setelah itu saya pun
akhirnya di tolong oleh tetangga,"" terangnya.

 Sekadar diketahui, Sunarti tinggal di rumah tersebut bersama suaminya dan satu
orang anaknya yang masih kecil dari dua buah hati yang dimilikinya. Sementara
anaknya yang lain tinggal terpisah lantaran sudah menikah dan telah memiliki
satu orang anak yang tidak lain cucunya itu.

 ""Saat kejadian, saya hanya bersama cucu saya di dalam rumah karena cucu saya
kebetulan sedang main ke rumah, sementara suami saya dan anak saya yang masih
kecil kebetulan sedang di luar tidak berada di rumah,"" ungkapnya.

 Sunarti bersama cucunya menjadi salah satu warga yang luput dari maut saat
banjir bandang menerjang kawasan Jatinangor, Sumedang. Sunarti dan keluarganya
pun tidak bisa berbuat banyak saat air bah merendam seluruh harta bendanya.

 ""Pokoknya yang ada di kepala saya saat itu, menyelamatkan cucu saya, kalau
barang semua saya biarkan terendam karena air saat itu cepat naiknya kurang
lebih sampai dua meter,"" pungkasnya.

 Berita sebelumnya, Penyebab banjir yang melanda kawasan Jatinangor dan
sekitarnya, Jumat (24/12/2021), selain hujan deras juga diduga akibat sistem
saluran air di tol Cisumdawu.

 Hal itu dikatakan Sekretaris Daerah Kabupaten Sumedang Herman Suryatman saat
meninjau lokasi, Sabtu (25/12/2021).

 ""Kita lihat di sana ada tiga saluran dari jalan tol yang masuk ke satu saluran
di bawahnya, airnya begitu besar, sementara saluran yang ada kecil, dari sana
saja bisa kita simpulkan membutuh treatment dari Satker tol untuk memperbaiki
saluran, itu analisis awal,"" ujar Herman.

 Menurutnya kondisi serupa terjadi di kawasan Desa Cileles. Beberapa saluran
air dari tol Cisumdawu mengalir ke saluran air warga yang berada di bawahnya
sehingga mengakibatkan terjadinya luapan air.

 ""Saluran warga yang berada di bawahnya ukurannya kecil, otomatis terjadi
luapan air, sehingga setiap hujan terjadi banjir,"" katanya.

 Akibat peristiwa banjir itu, 4 hektar sawah tergenang luapan banjir dan 2
rumah terancam longsor di kawasan Desa Cileles. Banjir juga sempat merendam
sejumlah rumah di bantaran sungai di kawasan Desa Cikeruh dan Desa Sayang.
Terparah, banjir sempat merendam 4 RW di Desa Cipacing.

 ""Untuk sawah dalam waktu tidak terlalu lama, pihak Satker tol akan mencari
solusi, pertama salurannya akan diperbaiki dan kita pun akan mengembalikan
fungsi embung (penampung air),"" ujarnya.

 Kades Cileles, Duduy Abdul Holik mengatakan pihaknya telah menyampaikan
beberapa solusi. Salah satunya, selain melakukan normalisasi saluran air
jangka pendek, juga ada pembangunan embung untuk meminimalisir debit air jika
hujan deras turun.

 ""Hujan deras yang mengguyur dalam setahun ini banyak infrastruktur yang rusak,
diantaranya TPT di dua titik roboh, kemudian saluran irigasi ada yang jebol,
diharapkan kepada pemerintah memperhartikan kami juga untuk memperbaiki itu
semua,"" ungkapnya.

 Ia pun berharap adanya kompensasi bagi para petani yang lahan pesawahannya
terkena dampak banjir. Pasalnya, lahan pesawahan tersebut menjadi tumpuan
hidup bagi para petani.

 ""Karena lahan pertanian itu untuk makan, jadi kalau sampai gagal panen maka
kasihan sekali para petani ini,"" ucapnya.

 Hujan deras yang mengguyur beberapa wilayah di Kabupaten Sumedang pada Jumat
(24/12/2021) sore, mengakibatkan banjir menerjang tiga desa di Kecamatan
Jatinangor. Tidak ada korban jiwa dalam peristiwa itu namun luapan air sempat
merendam ratusan rumah dengan ketinggian air hingga ada yang mencapai 1 meter
lebih.

 Tiga desa tersebut yakni Desa Cikeruh, Desa Sayang dan Desa Cipacing. Banjir
terparah berada di desa Cipacing, sejumlah rumah yang diterjang banjir
beberapa diantaranya masih terendam akibat luapan air yang disertai lumpur.

 ","Minggu, 26 Des 2021 17:23 WIB

"
"Perbaikan Listrik di Tapsel-Madina yang Terimbas Longsong-Banjir Selesai

","Perbaikan Listrik di Tapsel-Madina yang Terimbas Longsong-Banjir Selesai

PLN selesaikan perbaikan listrik di Tapanuli Selatan, dan Mandailing Natal
(Madina) Tapsel-Madina Selesai Diperbaiki. Jaringan listrik tersebut
sebelumnya mati akibat longsor dan banjir.

 ""Telah 100 persen kita pulihkan,"" kata Manager PLN UP3 (Unit Pelaksana
Pelayanan Pelanggan) Padangsidimpuan Yusuf Hadiyanto, kepada wartawan Sabtu
(25/12/2021).

 Yusuf menyebut bencana banjir dan tanah longsor di dua Kabupaten itu, telah
menyebabkan kerusakan 462 unit trafo. Berimbas putusnya aliran ke 30.346
pelanggan

 Yusuf menjelaskan kerusakan terjadi pada area 4 ULP (Unit layanan pelanggan)
yang berada dibawah UP3 Padangsidimpuan. Keempatnya yaitu Kotanopan,
Panyabungan, Sidimpuan Kota dan Natal.

 Proses perbaikannya dilakukan siang dan malam oleh teknisi dari masing-masing
ULP. Uang disupervisi oleh tim dari UP3 Padangsidimpuan.

 ""Untuk memastikan percepatan recovery, kita juga menurunkan tim dari UP3
Padangsidimpuan ke masing-masing ULP sebagai pelaksana supervisi,"" ujar Yusuf.

 Manajer ULP Padangsidimpuan Kota, Wayu Dwiafridho A menyampaikan rasa terima
kasihnya kepada masyarakat, yang telah bersabar dengan gangguan ini. Wilayah
ULP Padangsidimpuan Kota merupakan salah satu yang paling terdapak dalam
bencana ini.

 ULP ini membawahi Kota Padangsidempuan dan 7 Kecamatan yang ada di Tapsel.
Yakni Angkola Barat, Angkola Selatan, Angkola Sangkunur, Batang Angkola,
Batang Toru, Muara Batang Toru dan Marancar.

 Bencana banjir terjadi di Kota Padangsidimpuan, Angkola Sangkunur dan Batang
Toru. Dimana banjir di Angkola Sangkunur merupakan banjir yang terparah dalam
bencana kali ini.

 ""Apabila masyarakat masih menemukan ada gangguan listrik silahkan melapor pada
aplikasi PLN Mobile atau Call Center 123,"" kata Wayu.

 ","Minggu, 26 Des 2021 04:11 WIB

"
"Wanita Hilang Terseret Banjir di Palembang Ditemukan Tewas

","Wanita Hilang Terseret Banjir di Palembang Ditemukan Tewas

Seorang wanita yang hilang terseret arus

 ""Iya, untuk korban tenggelam tadi, sekira pukul 14.09 WIB sudah ditemukan,""
kata Kapolsek Kalidoni Palembang AKP Irwan Sidik saat dimintai konfirmasi

 Irwan menyebut pihaknya hingga saat ini masih menyelidiki identitas korban.
Korban ditemukan sekitar 20 meter dari lokasi kejadian.

 ""Identitas korban masih kita selidiki. Kita menemukan korban lokasi sekitar 20
meter dari TKP,"" kata Irwan.

 Motor korban jenis Vario, kata dia, saat ini sudah diamankan di Mapolsek. Dari
ciri-ciri fisik, korban diduga berusia sekitar 40 tahun dan langsung dibawa ke
RS Bhayangkara untuk dilakukan visum.

 ""Barang bukti motor korban jenis Vario sudah kita amankan di Mapolsek untuk
identifikasi. Dari fisiknya, korban diduga berusia 40 tahun. Selanjutnya
korban dibawa ke RS Bhayangkara untuk divisum,"" jelasnya.

 Sebelumnya, banjir hampir menggenangi seluruh kecamatan di

 ""Iya, informasinya benar. Korban seorang wanita usia sekitar 40-50 tahun,""
kata Kapolsek Kalidoni, Palembang, AKP Irwan Sidik ketika dimintai konfirmasi

 Irwan mengatakan wanita tersebut hilang diduga akibat terseret arus deras air
gorong-gorong yang meluap akibat banjir. Saat kejadian, korban disebut tengah
mengendarai sepeda motor.

 Peristiwa itu terjadi sekitar pukul 05.00 WIB tadi. Warga sekitar menduga
wanita tersebut hendak berangkat ke pasar.

 ""Informasinya, kejadiannya jam 5 Subuh tadi. Ibu itu mau berangkat ke pasar
pakai motor. Tapi, sewaktu lewat di lokasi, dia terseret arus. Motornya
ketemu, tapi dianya hilang,"" ungkap warga sekitar, Johan, saat ditemui
terpisah.

 Peristiwa nahas itu terjadi di gorong-gorong kawasan, Kenten Permai, Kalidoni,
Palembang. Hingga saat ini tim gabungan, pemerintah setempat, SAR nasional,
TNI- Polri masih melakukan pencarian terhadap korban. Identitas korban pun
hingga saat ini belum diketahui.

 Sekedar informasi, banjir hampir menggenangi seluruh kecamatan di Palembang,
Sumatera Selatan (Sumsel). Banjir terjadi setelah hujan deras mengguyur sejak
dini hari tadi. Belum ada data pasti berapa rumah yang terendam, namun tinggi
air ada yang lebih dari 1 meter.

 Banjir tak hanya menggenangi permukiman warga. Sejumlah jalan protokol juga
tergenang, bahkan rumah dinas Wali Kota Palembang pun digenangi banjir
tersebut. Beberapa daerah yang bukan menjadi langganan banjir kali ini
terendam setelah hujan lebat tersebut.

 ","Sabtu, 25 Des 2021 16:08 WIB

"
"Sistem Saluran Air Tol Cisumdawu Disinyalir Jadi Penyebab Banjir Jatinangor

","Sistem Saluran Air Tol Cisumdawu Disinyalir Jadi Penyebab Banjir Jatinangor

Penyebab banjir yang melanda kawasan Jatinangor dan sekitarnya, Jumat
(24/12/2021), selain hujan deras juga diduga akibat sistem saluran air di tol
Cisumdawu.

 Hal itu dikatakan Sekretaris Daerah Kabupaten Sumedang Herman Suryatman saat
meninjau lokasi, Sabtu (25/12/2021).

 ""Kita lihat di sana ada tiga saluran dari jalan tol yang masuk ke satu saluran
di bawahnya, airnya begitu besar, sementara saluran yang ada kecil, dari sana
saja bisa kita simpulkan membutuh treatment dari Satker tol untuk memperbaiki
saluran, itu analisis awal,"" ujar Herman.

 Menurutnya kondisi serupa terjadi di kawasan Desa Cileles. Beberapa saluran
air dari tol Cisumdawu mengalir ke saluran air warga yang berada di bawahnya
sehingga mengakibatkan terjadinya luapan air.

 ""Saluran warga yang berada di bawahnya ukurannya kecil, otomatis terjadi
luapan air, sehingga setiap hujan terjadi banjir,"" katanya.

 Akibat peristiwa banjir itu, 4 hektar sawah tergenang luapan banjir dan 2
rumah terancam longsor di kawasan Desa Cileles. Banjir juga sempat merendam
sejumlah rumah di bantaran sungai di kawasan Desa Cikeruh dan Desa Sayang.
Terparah, banjir sempat merendam 4 RW di Desa Cipacing.

 ""Untuk sawah dalam waktu tidak terlalu lama, pihak Satker tol akan mencari
solusi, pertama salurannya akan diperbaiki dan kita pun akan mengembalikan
fungsi embung (penampung air),"" ujarnya.

 Kades Cileles, Duduy Abdul Holik mengatakan pihaknya telah menyampaikan
beberapa solusi. Salah satunya, selain melakukan normalisasi saluran air
jangka pendek, juga ada pembangunan embung untuk meminimalisir debit air jika
hujan deras turun.

 ""Hujan deras yang mengguyur dalam setahun ini banyak infrastruktur yang rusak,
diantaranya TPT di dua titik roboh, kemudian saluran irigasi ada yang jebol,
diharapkan kepada pemerintah memperhartikan kami juga untuk memperbaiki itu
semua,"" ungkapnya.

 Ia pun berharap adanya kompensasi bagi para petani yang lahan pesawahannya
terkena dampak banjir. Pasalnya, lahan pesawahan tersebut menjadi tumpuan
hidup bagi para petani.

 ""Karena lahan pertanian itu untuk makan, jadi kalau sampai gagal panen maka
kasihan sekali para petani ini,"" ucapnya.

 Seperti diberitakan sebelumnya, Hujan deras yang mengguyur beberapa wilayah di
Kabupaten Sumedang pada Jumat (24/12/2021) sore, mengakibatkan banjir
menerjang tiga desa di Kecamatan Jatinangor. Belum ada data pasti berapa rumah
yang terendam namun tinggi air ada yang mencapai hingga 1 meter lebih.

 Tiga desa tersebut yakni Desa Cikeruh, Desa Sayang dan Desa Cipacing. Banjir
terparah berada di desa Cipacing, sejumlah rumah yang diterjang banjir
beberapa diantaranya masih terendam akibat luapan air yang disertai lumpur.

 Sejumlah warga di Desa Cipacing terlihat membersihkan rumah dan barang-barang
miliknya yang sempat terendam oleh luapan air yang disertai lumpur. Bahkan ada
beberapa rumah yang masih terendam air dengan ketinggian selutut orang dewasa.

 Tidak hanya rumah, sebuah masjid pun sempat ikut terendam akibat besarnya
luapan air saat banjir menerjang kawasan tersebut.

 Camat Jatinangor Herry Dewantara mengatakan dari tiga Desa yang terkena
banjir, Desa terparah yakni Desa Cipacing. Sementara dua Desa lainnya tidak
terlalu parah dan sudah surut.

 ""Untuk Desa Cikeruh dan Desa Sayang sudah surut karena banjirnya tidak terlalu
besar, banjir parah terjadi disini di Desa Cipacing,"" ungkap Herry kepada
detikcom.

 Herry menyebutkan, sedikitnya ada 4 RW yang sempat terendam akibat banjir
tersebut. Tinggi air saat banjir terjadi kurang lebih setinggi 1 meter.

 Banjir sendiri, kata Herry, diakibatkan oleh meluapnya sungai Cibeusi setelah
hujan deras mengguyur kawasan Jatinangor dan sekitarnya.

 ""Banjir ini karena luapan sungai Cibeusi, sungai Cibeusi sendiri alirannya
darimana-mana dari Sukasari dan Tanjngsari, sementara tadi sore hujan sangat
deras,"" ujar Herry.

 ","Sabtu, 25 Des 2021 19:10 WIB

"
"BMKG: Curah Hujan Pemicu Banjir Palembang Tertinggi Sejak 31 Tahun Terakhir

","BMKG: Curah Hujan Pemicu Banjir Palembang Tertinggi Sejak 31 Tahun Terakhir

Hujan yang menyebabkan banjir di 5 kecamatan di

 ""Curah hujan tercatat pada Staklim Palembang sebesar 159,7 mm. Ini adalah
rekor tertinggi curah hujan pada bulan Desember sejak 31 tahun terakhir.
Adapun dalam catatan klimatologis sepanjang bulan, curah hujan tersebut berada
pada

 Sinta mengimbau warga agar tetap waspada. Sebab, sebut dia, BMKG memprediksi
puncak musim hujan akan terjadi pada Januari-Maret 2022.

 ""Potensi hujan itu masih tetap ada. Jadi tetap harus diwaspadai, kita biasa
Januari-Maret itu puncak musim hujan, jadi harus diwaspadai,"" imbau Sinta.

 Lebih lanjut Sinta menuturkan potensi hujan lebat mengguyur Sumsel masih ada.
BMKG meminta masyarakat mempersiapkan segala sesuatunya.

 ""Potensi cuaca hujan lebat seperti ini masih bisa terjadi. Masyarakat harus
bersiap-siap sepanjang musim hujan dan 22 Oktober lalu sudah kita sampaikan,""
imbuhnya.

 ""Memang cuaca di Indonesia pada umumnya begitu, curah hujan cukup tinggi, dan
BMKG selalu menyampaikan informasi kewaspadaan saat musim kemarau, pancaroba
dan hujan,"" sambungnya.

 Terkait banjir yang mengepung Palembang Sabtu kemarin, menurut Sinta, bisa
saja kembali terjadi, apabila tidak ada antisipasi dari pemerintah setempat
dan masyarakat. Dia menyebut peringatan dini ke pemerintah setempat sudah lama
disampaikan.

 ""Kita sudah roadshow Lamina itu masih aktif dan kita khawatirkan menambah
parah di musim hujan. Kita sudah koordinasi lewat medsos, BPBD setempat,
termasuk media dan peringatan dini sudah kita sampaikan,"" tutur Sinta.

 Sebelumnya, lima kecamatan di Palembang diterjang banjir seusai hujan deras
pada Sabtu kemarin. BNPB pun menjelaskan penyebabnya.

 ""Menurut laporan BPBD Kota Palembang, banjir di wilayahnya terjadi setelah
hujan lebat mengguyur beberapa kecamatan. Hujan dengan intensitas tinggi ini
menyebabkan debit air anak Sungai Musi meluap. Kondisi tersebut diperburuk
oleh faktor drainase kota yang kurang optimal,"" ujar Kepala Pusat Data
Informasi dan Komunikasi Kebencanaan BNPB Abdul Muhari dalam keterangannya,
Minggu (26/12).

 Banjir terjadi sejak kemarin Sabtu (25/12) dini hari, sekitar pukul 04.00 WIB,
dengan ketinggiannya terpantau 60 sentimeter hingga 1 meter. Banjir
mengakibatkan lima kecamatan terdampak.

 

 ","Minggu, 26 Des 2021 14:40 WIB

"
"Gempa M 4,5 Guncang Sorong Papua Barat

","Gempa M 4,5 Guncang Sorong Papua Barat

berkekuatan magnitudo (M) 4,5 mengguncang

 Badan Meteorologi, Klimatologi, dan Geofisika (BMKG) melaporkan gempa terjadi
pada Kamis (23/12/2021) pukul 11.13 WIB. Pusat gempa terjadi pada kedalaman 4
kilometer.

 ""Pusat gempa berada di Laut 40 km timur laut Kota Sorong,"" tulis @infoBMKG.

 Titik pusat gempa dilaporkan berada di koordinat 0,66 Lintang Selatan (LS) dan
131,58 Bujur Timur (BT). Kekuatan gempa dirasakan MMI III di wilayah Sorong.

 Kekuatan MMI III artinya getaran dirasakan nyata dalam rumah. Terasa getaran
seakan-akan ada truk berlalu.

 ""Hati-hati terhadap gempabumi susulan yang mungkin terjadi,"" tulis BMKG.

 ","Kamis, 23 Des 2021 11:57 WIB

"
"Malang Dosen UIN-Wanita Hanyut Saat Banjir Landa Palembang

","Malang Dosen UIN-Wanita Hanyut Saat Banjir Landa Palembang

Hujan deras mengakibatkan banjir di

 Banjir hampir menggenangi seluruh kecamatan di Palembang, Sabtu (25/12/2021).
Hujan deras mengguyur wilayah ini sejak Sabtu dini hari.

 Daerah yang bukan menjadi langganan banjir, kali ini juga terendam akibat
hujan lebat. BPBD pun turun tangan melakukan penanganan.

 ""Iya, ini rata hampir seluruh, beberapa titik, tim sudah menyebar untuk
melakukan evakuasi kegiatan mobilitas warga,"" kata Kabid Penanganan
Kedaruratan BPBD Sumsel, Ansori saat dimintai konfirmasi

 Ketinggian banjir pun bervariasi. Ketinggian air ada yang mencapai 1 meter.

 Dosen Universitas Islam Negeri Raden Fatah, Azili (53) dilaporkan tewas akibat
banjir ini. Korban diduga meninggal dunia karena tersengat listrik saat banjir
melanda kediamannya di kawasan Sukarami,

 ""Iya benar, ada warga kita yang meninggal dunia karena tersengat listrik, pagi
tadi. Infonya memang dosen,"" kata Camat Sukarami Palembang, M Fadly, ketika
dimintai konfirmasi

 Pihak UIN pun memberikan tanggapan. Dia membenarkan salah satu dosennya
meninggal dunia akibat banjir.

 ""Kabar duka itu benar, Pak Azili memang dosen kita, dia dosen senior, dia
dosen PNS di Fakultas Syariah dan Hukum,"" kata Humas UIN Raden Fatah, Elis,
saat dihubungi terpisah.

 

 ","Sabtu, 25 Des 2021 21:31 WIB

"
"Jalan Lintas Perbatasan 2 Daerah Jambi Kebanjiran Usai Hujan Deras

","Jalan Lintas Perbatasan 2 Daerah Jambi Kebanjiran Usai Hujan Deras

Jalan Lintas Tengah, kawasan Merlung, Kabupaten Tanjung Jabung Barat
(Tanjabbar), Jambi, terendam banjir hingga ketinggian 1 meter. Banjir yang
menggenangi jalan itu disebabkan hujan lebat pada malam hari.

 ""Ini karena hujan semalam yang begitu lebat, jadi jalan lintas Tanjabbar
menuju Tebo Jambi sempat terkendala. Namun roda dua masih bisa melintas dengan
cara menyeberangi menggunakan rakit yang dibuat warga sekitar,"" kata Kapolsek
Merlung AKP Marwiansyah saat dihubungi

 Sejauh ini ada dua titik jalan lintas yang tergenang banjir. Banjir di jalan
lintas itu tergenang dengan ketinggian hingga 1 meter. Saat ini warga yang
mengendarai roda empat diminta tidak melintasi jalan tersebut terlebih dahulu
lantaran genangan air yang cukup tinggi.

 ""Kalau untuk berapa panjang jalan lintas di sana yang teredam, itu mencapai
100 meter. Ada dua akses jalan yang kini terendam. Jadi sementara roda empat
yang akan melintas terpaksa menunggu dulu sampai air dapat surut. Kita
perkirakan malam ini, jika tidak terjadi hujan lebat, kemungkinan air dapat
surut dan jalan bisa dilalui kembali,"" ujar Marwiansyah.

 Saat ini, berdasarkan keterangan Marwiansyah, jalan lintas di sana juga tidak
terjadi kemacetan parah akibat dampak banjir tersebut. Lalu lalang kendaraan
juga tidak begitu padat meski ada momen libur Natal.

 ""Sampai saat ini tidak ada kemacetan di jalan lintas ini setelah terendam
banjir karena juga jalur lintas juga tidak dipadati kendaraan. Jadi masih
terpantau aman, lancar. Hanya, kalau mobil yang melintas, diminta menunggu
saja hingga air dapat surut,"" sebut Marwiansyah.

 Banjir yang terjadi di jalan lintas itu terjadi sejak pagi hari sekitar pukul
08.00 WIB hingga sampai saat ini. Polisi sampai saat ini masih berjaga-jaga di
lokasi jalan lintas untuk memantau arus kendaraan di lokasi.

 ","Sabtu, 25 Des 2021 17:18 WIB

"
"Gempa Bumi M 3,1 Guncang Jember

","Gempa Bumi M 3,1 Guncang Jember

berkekuatan magnitudo (M) 3,1 mengguncang Kabupaten Jember. Gempa terjadi pada
Kamis (23/12/2021) pukul 11.22.02 WIB.

 ""Info gempa Mag 3,1 guncang Jember,"" tulis Koordinator Mitigasi Gempa Bumi dan
Tsunami, Daryono di twitter seperti yang dilihat detikcom.

 Pusat gempa terjadi di kedalaman 18 KM atau 39 KM Barat Daya Jember Jawa
Timur.

 ""Pusat gempa di kedalaman 18 KM,"" tambahnya.

 Titik pusat

 ","Kamis, 23 Des 2021 12:26 WIB

"
"Gempa M 3.5 Sempat Guncang Nganjuk

","Gempa M 3.5 Sempat Guncang Nganjuk

Magnitudo 3.5 sempat mengguncang Nganjuk. Gempa terjadi pukul 16.39 WIB.

 ""Info Gempa Mag:3.5 SR, 24-Dec-21 16:39:28 WIB,"" tulis StageofSleman dalam
akun twitternya @bmkgjogja seperti yang dilihat detikcom, Jumat (24/12/2021).

 ini berlokasi di 7.46 LS,111.93 BT atau 16 km Timur Laut Nganjuk. Gempa ini
mempunyai kedalaman 206 km.

 Untuk sementara belum ada laporan kerusakan akibat gempa ini.

 ","Jumat, 24 Des 2021 19:42 WIB

"
"Gempa Tektonik Terjadi Karena Apa? Ini Perbedaanya dengan Gempa Lain

","Gempa Tektonik Terjadi Karena Apa? Ini Perbedaanya dengan Gempa Lain

apa penting untuk diketahui. Gempa bumi merupakan getaran atau guncangan yang
terjadi di permukaan bumi.

 Gempa bumi bisa disebabkan oleh pergerakan kerak bumi atau lempeng bumi.
Selain itu, gempa bumi juga bisa disebabkan oleh letusan gunung api.

 Lalu, gempa tektonik terjadi karena apa? Simak informasi berikut ini.

 Untuk menjawab pertanyaan

 Gempa tektonik disebabkan dari pelepasan energi yang dihasilkan oleh tekanan
yang disebabkan oleh lempengan yang bergerak. Semakin lama tekanan itu kian
membesar dan akhirnya mencapai pada keadaan di mana tekanan tersebut tidak
dapat ditahan lagi oleh pinggiran lempengan. Pada saat itulah gempa Bumi akan
terjadi.

 Gempa tektonik biasanya terjadi di perbatasan lempengan-lempengan tersebut.
Gempa tektonik yang paling parah biasanya terjadi di perbatasan lempengan
kompresional dan translasional.

 Selain gempa tektonik, sebenarnya ada jenis-jenis gempa bumi lainnya. Jenis-
jenis gempa bumi dibedakan menjadi 2, yaitu berdasarkan penyebab dan
kedalamannya.

 Berdasarkan penyebab terjadinya, gempa bumi dibedakan menjadi tiga jenis.
Berikut adalah 3 jenis gempa bumi berdasarkan penyebab terjadinya:

 Gempa tektonik terjadi karena apa saat ini sudah diketahui. Berikut adalah
informasi lainnya mengenai gempa bumi yang sudah kami rangkum.

 Selain karena penyebabnya, gempa bumi juga dibedakan berdasarkan kedalamannya.
Ada 3 jenis gempa bumi yang dibedakan berdasarkan kedalamannya.

 Berikut 3 jenis gempa bumi berdasarkan kedalamannya:

 Informasi lain terkait

 

 ","Kamis, 23 Des 2021 16:14 WIB

"
"Gempa Darat M 2,6 Terjadi di Samosir Sumut

","Gempa Darat M 2,6 Terjadi di Samosir Sumut

berkekuatan magnitudo (M) 2,6 mengguncang Kabupaten Samosir, Sumatera Utara.
Gempa terjadi di darat.

 Badan Meteorologi, Klimatologi, dan Geofisika (BMKG) melaporkan gempa terjadi
pada Senin (20/12/2021), sekitar pukul 21.41 WIB. Pusat gempa terjadi pada
kedalaman 5 kilometer.

 ""Pusat gempa berada di darat 18 km tenggara Samosir,"" tulis @infoBMKG.

 Titik pusat gempa dilaporkan berada di 2,58 Lintang Utara (LU) dan 98,86 Bujur
Timur (BT). Kekuatan gempa dirasakan MMI II di wilayah Parapat.

 Kekuatan MMI II artinya getaran dirasakan oleh beberapa orang, benda-benda
ringan yang digantung bergoyang. Hingga kini belum ada informasi terkait
dampak kerusakan akibat gempa tersebut.

 ","Senin, 20 Des 2021 22:47 WIB

"
"Selain Jalanan, Banjir Juga Genangi Puluhan Rumah Warga Tanjabbar Jambi

","Selain Jalanan, Banjir Juga Genangi Puluhan Rumah Warga Tanjabbar Jambi

yang terjadi di kawasan Merlung, Kabupaten

 ""Lokasi rumah yang terendam itu ada di Kelurahan Lubuk Kambing. Ketinggian
airnya itu mulai 1 meter hingga 1,5 meter. Warga yang rumahnya terendam
tersebut kini terpaksa mengungsi di rumah kerabatnya hingga air surut,"" kata
Kapolsek Merlung AKP Marwiyansyah kepada

 Banjir besar yang menggenangi Kelurahan Lubuk Kambing, Kabupaten Tanjabbar,
Jambi, itu merupakan banjir yang pertama kali terjadi. Sebelumnya, lokasi
daerah yang tidak pernah sediki pun tergenangi banjir kini tergenang banjir
cukup tinggi.

 Marwiansyah menyebutkan banjir yang menggenangi puluhan rumah warga itu
terjadi akibat intensitas curah hujan di sana yang begitu tinggi. Apalagi
hujan deras terus mengguyur daerah itu hingga menggenangi puluhan rumah di
sana.

 ""Kalau banjir sampai setinggi ini adalah pertama kali karena, menurut warga,
juga tidak pernah terjadi banjir setiap hujan karena ini daerah dataran
tinggi, tetapi kali ini terendam banjir. Beruntung tidak ada korban jiwa saat
air menggenangi rumah itu. Kalau untuk kerugian materiil belum dapat terdata
oleh kita,"" ujar Marwiansyah.

 Selain rumah warga yang terendam, banjir juga menggenangi kantor desa di
daerah itu. Kantor desa itu berada di Desa Muara Danau. Hanya, polisi belum
mengetahui ada berapa banyak di desa itu yang terendam banjir.

 ""Karena desa ini beda dengan kelurahan. Kalau yang kita dapat info, baru
kantor desa itu yang terendam. Kalau berapa banyak rumah warga, kita belum
dapat data terkini,"" sebut Marwiansyah.

 Pihak pemda sampai saat ini belum memasang tenda darurat buat warga. Bantuan
sembako juga rencana baru dapat disalurkan kepada korban banjir esok hari.

 Wakil Bupati dan beberapa pejabat pemda setempat juga sudah mengunjungi lokasi
banjir. Pihak pemda juga sudah meminta warga tidak bertahan di rumah karena
banjir cukup tinggi.

 ","Sabtu, 25 Des 2021 17:36 WIB

"
"Diguyur Hujan Deras, Ribuan Rumah Warga di Riau Terendam Banjir

","Diguyur Hujan Deras, Ribuan Rumah Warga di Riau Terendam Banjir

Ribuan rumah di Rokan Hulu, Riau, terendam

 ""Telah terjadi banjir di beberapa titik yang terdapat di wilayah Rokan Hulu.
Ini akibat tingginya curah hujan dan meluapnya air sungai di beberapa
kecamatan di Rokan Hulu,"" terang Kapolres Rokan Hulu AKBP Wimpiyanto, Sabtu
(25/12/2021).

 Wimpi mengatakan banjir merendam tiga Kecamatan, yakni Rambah, Ujung Batu, dan
Rambah Samo. Khusus di Rambah, ada 600 keluarga terendam banjir setinggi lebih
dari 1 meter.

 ""Total tadi pagi ada ribuan keluarga yang terdampak. Tetapi siang ini ada air
sudah mulai surut. Ketinggian air bervariasi, antara 80-100 cm lebih,"" kata
Wimpi.

 Khusus di Babusalam, terpantau air mulai naik ke permukiman dan jalan protokol
pukul 02.00 WIB tadi. Bahkan jalan protokol terendam air dan tidak dapat
dilalui kendaraan roda 2 dan roda 4.

 Bersama pemkab setempat, Polres Rohul telah mendirikan tenda darurat dan dapur
umum. Tenda dan dapur didirikan sebagai upaya bantuan kepada warga sekitar
yang terdampak banjir.

 ""Hari ini langsung kita dirikan tenda darurat dan dapur umum. Semua untuk
membantu pengungsi yang rumahnya terdampak oleh banjir,"" kata Wimpi.

 Kepala BPBD Riau Edy Afrizal mengatakan Negeri Seribu Suluk terendam banjir
sejak dini hari tadi. Banjir merendam akibat air sungai di sekitar naik.

 ""Saat ini tim gabungan masih melakukan evakuasi dan kaji lokasi. Desa yang
terdampak parah saat ini Pawan, Desa Rambah Tengah Barat. Jumlah yang
terdampak masih tahap kordinasi dengan pihak desa,"" kata Edy.

 Edy mengatakan banjir Pawan di Rambah Tengah Barat akibat meluapnya Sungai
Pawan. Ketinggian air mencapai 100-200 cm di permukiman warga.

 ""Saat ini tim gabungan melakukan evakuasi warga ke tempat yang aman. Banjir di
Kelurahan Pasir Pangaraian dan Koto Tinggi akibat meluapnya Sungai Kaiti.
Ketinggian air 60-90 cm di permukiman warga dan sebagian warga mengungsi ke
rumah kerabat,"" katanya.

 Khusus di Desa Babussalam, saat ini masih tahap kordinasi. Sebab, kondisi air
masih terus bertambah naik.

 Berikut adalah daerah terdampak banjir di Rokan Hulu:

 1\. Desa Rambah Tengah: 280 keluarga

 ","Sabtu, 25 Des 2021 15:55 WIB

"
"Gempa M 5,2 Terjadi di Halmahera Barat Malut

","Gempa M 5,2 Terjadi di Halmahera Barat Malut

berkekuatan magnitudo M 5,2 mengguncang Halmahera Barat, Maluku Utara. Gempa
ini berkedalaman 10 km.

 Informasi gempa di Halmahera Barat, Maluku Utara, disampaikan Badan
Meteorologi, Klimatologi, dan Geofisika (BMKG) di Twitter, Minggu
(26/12/2021). Gempa ini terjadi pukul 09.22 WIB.

 Koordinat

 ini dilaporkan tidak berpotensi tsunami. Belum ada data mengenai dampak gempa
Halmahera Barat tersebut.

 ""Kedalaman 10 km, tidak berpotensi tsunami,"" ujar BMKG.

 Mag:5.2, 26-Des-21 09:22:53 WIB, Lok:2.21 LU,126.79 BT (130 km BaratLaut
HALMAHERABARAT-MALUT), Kedlmn:10 Km, tdk berpotensi tsunami

 ","Minggu, 26 Des 2021 09:37 WIB

"
"Gempa M 3,2 Terjadi di Luwu Timur Sulsel

","Gempa M 3,2 Terjadi di Luwu Timur Sulsel

berkekuatan magnitudo (M) 3,2 terjadi di Luwu Timur, Sulawesi Selatan (

 Badan Meteorologi, Klimatologi, dan Geofisika (BMKG) melaporkan gempa terjadi
pada Jumat (24/12/2021) pukul 20.04 WIB. Gempa kali ini berada di kedalaman 10
kilometer.

 ""Pusat gempa berada di darat 8 km barat laut Luwu Timur,"" tulis BMKG dalam aku
Twitternya, @infoBMKG.

 Titik gempa dilaporkan berada di koordinat 2,54 Lintang Selatan (LS) dan
121,11 Bujur Timur (BT). Kekuatan gempa dirasakan skala MMI III di wilayah
Malili.

 Skala MMI III artinya getaran dirasakan nyata dalam rumah. Terasa getaran
seakan-akan ada truk berlalu.

 ""Hati-hati terhadap gempa bumi susulan yang mungkin terjadi,"" tulis BMKG.

 ","Jumat, 24 Des 2021 20:40 WIB

"
"Gempa 3,2 Terjadi Karangasem Bali

","Gempa 3,2 Terjadi Karangasem Bali

Gempa berkekuatan magnitudo (M) 3,2 terjadi di Karangasem, Bali. Pusat

 ""Pusat gempa berada di laut 12 Km Timur Laut Karangasem,"" tulis BMKG di akun
Twitter-nya, Sabtu (18/12/2021).

 Gempa terjadi pada pukul 06.56 WIB dengan titik koordinat 8,29 Lintang Selatan
dan 115,62 Bujur Timur. Gempa berada di kedalaman 14 Km.

 Gempa dirasakan dalam skala II MMI di Karangasem. Skala II berarti getaran
dirasakan oleh beberapa orang, benda-benda ringan yang digantung bergoyang.

 ","Sabtu, 18 Des 2021 07:32 WIB

"
"Gempa M 4,3 Guncang Nias

","Gempa M 4,3 Guncang Nias

Gempa berkekuatan magnitudo (M) 4,3 terjadi di Nias, Sumatera Utara (Sumut).
Pusat

 ""Pusat gempa berada di darat 15 Km tenggara Nias,"" tulis BMKG di akun
Twitternya, Jumat (17/12/2021).

 Gempa terjadi pada pukul 21.38 WIB dengan titik koordinat 1,06 Lintang Utara
dan 97,82 Bujur Timur. Kedalaman gempa 1 km.

 Gempa dirasakan dalam skala MMI II-III di Gunungsitoli, II-III di Kabupaten
Nias, dan II-III di Kabupaten Nias Barat. Skala MMI II artinya getaran
dirasakan oleh beberapa orang, benda-benda ringan yang digantung bergoyang.

 Sedangkan skala MMI III artinya getaran dirasakan nyata dalam rumah, terasa
getaran seakan-akan ada truk berlalu.

 ","Jumat, 17 Des 2021 22:24 WIB

"
"Gempa M 3.4 Terjadi di Kota Batu

","Gempa M 3.4 Terjadi di Kota Batu

bumi tercatat terjadi di Kota Batu. Gempa tersebut berkekuatan M 3.4 SR.

 Gempa terjadi pukul 18.14 WIB. Seperti yang diterangkan akun Twitter resmi
BMKG Yogyakarta, @bmkgjogja.

 Pusat gempa berada di 7.80 LS dan 112.47 BT. Atau 8 km barat laut Kota Batu,
Jatim.

 ""Kedalaman 5 km,"" berikut informasi yang disampaikan @bmkgjogja, yang dibaca
detikcom, Jumat (24/12/2021).

 ","Jumat, 24 Des 2021 19:57 WIB

"
"Rentetan Bencana Geologi Desember 2021, Erupsi Gunung Semeru-Gempa Flores

","Rentetan Bencana Geologi Desember 2021, Erupsi Gunung Semeru-Gempa Flores

Rentetan kejadian geologis berupa kegempaan dan aktivitas gunung api terjadi
dari awal hingga pertengahan Desember 2021. Di awal Desember, Gunung Semeru di
Kabupaten Lumajang erupsi pada 4 Desember 2021 lalu.

 Tak berselang lama aktivitas Gunung Awu yang berada di Kepulauan Sangihe,
Sulawesi Utara pun naik status menjadi waspada pada 12 Desember seiring dengan
meningkatnya aktivitas vulkanik gunung tersebut.

 Belum genap satu minggu, gempa berkekuatan magnitudo 7,4 mengguncang Laut
Flores yang berdekatan dengan Kabupaten Selayar. Kemudian muncul lagi gempa
bumi magnitudo 5,0 yang mengguncang Jember pada 16 Desember, pada hari yang
sama juga status Gunung Semeru naik menjadi siaga (level III).

 Apakah semuanya saling berkaitan ?

 Koordinator Mitigasi Gempa Bumi PVMBG Supartoyo menjelaskan, rentetan kejadian
geologis yang terjadi belakangan ini tidak berkaitan secara langsung.
Menurutnya, ada sejumlah faktor yang memengaruhi kejadian geologis antara satu
dan yang lainnya, seperti halnya gempa bumi Jember dan aktivitas vulkanik
Gunung Semeru.

 ""Biasanya kejadian gempa bumi itu yang memicu kenaikan gunung api itu ada dua
sifat, yaitu apabila gunung api normal tidak begitu berpengaruh. Tetapi kalau
status gunung api di atas normal, waspada atau siaga seperti Gunung Semeru
saat ini kemungkinan ada pengaruhnya, namun dengan kekuatan gempa yang tidak
begitu besar kan ini M 5,1 mudah-mudahan tidak begitu mempengaruhi tingkat
aktivitasnya,"" kata Supartoyo saat ditemui

 ""Kecuali jika gempa bumi ini lebih dari tujuh atau mungkin kita ingat gempa
bumi Yogyakarta tahun 2006, Gunung Merapi statusnya level III (siaga) kemudian
dipicu gempa tektonik 6,2 yang pusatnya dekat dengan Gunung Merapi, sehingga
terjadi kenaikan aktivitas gunung api,"" ujar Supartoyo melanjutkan.

 Kemudian terkait dengan gempa di Laut Flores dan Gunung Awu di wilayah timur
Indonesia, dari hasil penelitian tidak ada kaitannya.

 ""Jadi kalau kejadian gempa bumi seperti di Laut Flores dekat wilayah Kepulauan
Selayar, ada sesar aktif yang mekanismenya itu sesar mendatar, sehingga
tsunami yang ditimbulkan tidak begitu besar tercatat hanya 7 cm, di wilayah
lain Gunung Awu ada pusat gempa tersendiri,"" ujar Supartoyo.

 ","Sabtu, 18 Des 2021 09:53 WIB

"
"Sepanjang 2021, Indonesia 25 Kali Diguncang Gempa-118 Orang Meninggal

","Sepanjang 2021, Indonesia 25 Kali Diguncang Gempa-118 Orang Meninggal

Badan Geologi melalui Pusat Vulkanologi dan Mitigasi Bencana Geologi (PVMBG)
mencatat sepanjang tahun 2021 terjadi 25 kali gempa yang menimbulkan
kerusakan. 118 orang meninggal dunia dan sekitar 6.724 orang mengalami luka
akibat kejadian gempa di Indonesia.

 Koordinator Gempa PVMBG Supartoyo mengatakan, hingga 18 Desember 2021, gempa
bumi terbesar yang terekam tahun ini di Indonesia adalah gempa Mamuju,
Sulawesi Barat pada 15 Januari 2021. Dalam kejadian itu dilaporkan 105 orang
meninggal dunia dan 6.489 orang mengalami luka.

 Tak hanya mengancam manusia, gempa juga meluluhlantakan ratusan bangunan, di
antaranya kantor gubernur Sulbar yang ambruk akibat diguncang gempa. Dampak
lainnya terjadi retakan tanah, likuifaksi dan longsoran akibat gempa M 6,2
itu.

 Gempa yang menelan korban kedua yakni di Jawa Timur bagian Selatan pada 10
April 2021, dalam kejadian itu dilaporkan 9 orang meninggal dunia dan 121
orang mengalami luka. Dampak dari gempa lainnya adalah kerusakan bangunan di
Lumajang, Malang, Blitar, Kota Malang, Trenggalek, Tulungagung, Kediri dan
Gresik.

 Kemudian gempa yang menelan korban berikutnya terjadi di Bangli-Krasem, Bali
pada 16 Oktober 2021. Tercatat, tiga orang meninggal dunia dan 7 orang luka-
luka. Dan terakhir, gempa di Tojo Una-Una, Sulawesi Tengah dengan jumlah
korban meninggal dunia sebanyak satu orang.

 Bila dibandingkan dengan tahun 2020, jumlah gempa yang merusak di Indonesia
berjumlah lebih banyak. Pada tahun 2020 jumlah gempa yang merusak sebanyak 14
kejadian. Dilihat dalam rentang 20 tahun terakhir, tahun ini kejadian gempa
bumi yang merusak merupakan yang paling banyak.

 Kejadian gempa bumi yang merusak terbanyak kedua, terjadi pada 2017 lalu
dengan 19 kejadian.

 ""Berdasarkan data Badan Geologi, kejadian gempa bumi merusak berfluktuasi 525
kejadian, tahun ini banyak. Mungkin sejak tahun 2020 makin banyak,"" ujarnya.
Ia menyebut gempa yang merusak ini karena kejadiannya dengan pusat aktivitas
warga.

 ","Sabtu, 18 Des 2021 16:34 WIB

"
"Khofifah Tinjau Lokasi Terdampak Gempa Jember, Ingatkan Pentingnya Jalur
Evakuasi

","Khofifah Tinjau Lokasi Terdampak Gempa Jember, Ingatkan Pentingnya Jalur
Evakuasi

Gubernur Jawa Timur Khofifah Indar Parawansa meninjau lokasi terdampak

 Dalam kesempatan itu, Khofifah mengingatkan pentingnya jalur evakuasi jika
sewaktu-waktu bencana gempa terjadi. Terutama bagi masyarakat yang tinggal di
kawasan pesisir.

 Dampak gempa bermagnitudo 5 SR paling banyak terdampak di wilayah pesisir
pantai Dusun Watuulo, Desa Sumberejo, Kecamatan Ambulu, Jember. Gubernur Jawa
Timur Khofifah Indar Parawansa meninjau lokasi terdampak gempa dan membahas
mitigasi bencana gempa dengan Pemkab Jember.

 Dalam kunjungannya ke Jember, Sabtu (18/12/2021). Khofifah menggelar rapat
koordinasi dan paparan dari dampak gempa di Pendapa Wahyawibawagraha.
Selanjutnya meninjau lokasi pesisir pantai Watuulo yang diketahui terdampak
paling parah saat terjadinya gempa, Kamis pagi (16/12) kemarin.

 Dari rapat tersebut, Khofifah mewakili Pemprov Jawa Timur, juga mengajak
koordinasi BMKG terkait evaluasi dampak gempa. Yang diketahui memberikan
banyak kerusakan bangunan rumah warga, meskipun getaran gempa dinilai cukup
kecil 5 SR.

 ""Pada dasarnya, Ibu Kepala BMKG sudah dua kali menjelaskan tentang beberapa
hal yang harus di mitigasi secara serius oleh (wilayah) Jawa Timur. Itu juga
dilakukan kepada provinsi yang lain,"" kata Khofifah saat dikonfirmasi usai
rapat koordinasi, Sabtu (18/12/2021).

 Khofifah menjelaskan, dari informasi yang disampaikan BMKG. Wilayah Provinsi
Jawa Timur berada pada wilayah patahan lempeng bumi (ring of fire), yang
rentan menyebabkan gempa.

 ""Patahan itu pada peta, tidak hanya di wilayah Jawa Timur, tetapi juga wilayah
lain (selatan Pulau Jawa). Sehingga menjadi kewaspadaan yang sudah harus
terkonfirmasi dengan para kepala daerah setempat,"" katanya.

 Terlebih lagi, lanjut Khofifah, terkait early warning yang jauh hari sudah
disampaikam BMKG. Soal potensi Megathrust.

 ""Terkait potensi

 ""Tapi semisal nanti terjadi, potensi tsunami dengan tinggi kurang lebih 29
meter. Maka (mitigasi bencana yang dilakukan) kira-kira masyarakat kalau
melakukan evakuasi titik mana (lokasi aman), dan berapa menit (upaya
menyelamatkan diri),"" sambungnya.

 Dari upaya mitigas bencana itu, Khofifah meninjau langsung soal jalur dan
rambu-rambu titik evakuasi penyelamatan.

 ","Sabtu, 18 Des 2021 18:44 WIB

"
"BMKG Beberkan Fakta Jember Rawan Gempa

","BMKG Beberkan Fakta Jember Rawan Gempa

BMKG membeberkan sejumlah fakta yang menyebut

 ""Data ini kiranya sudah cukup untuk menjadi bukti bahwa wilayah Jember
merupakan daerah rawan gempa,"" kata Koordinator Bidang Mitigasi Gempa Bumi dan
Tsunami BMKG, Daryono, Minggu (19/12/2021).

 Daryono juga mengatakan, ada sejumlah faktor yang membuat Jember menjadi rawan
gempa. Salah satunya, memiliki lokasi yang berdekatan dengan sumber gempa
potensial, yaitu subduksi Lempeng Indo-Australia.

 Subduksi lempeng ini menghunjam ke bawah Lempeng Eurasia di selatan Jawa
Timur. Atau zona megathrust.

 ""Selain itu, wilayah Jember juga berdekatan dengan sumber-sumber gempa sesar
aktif. Baik yang ada di daratan, maupun yang ada di dasar laut,"" imbuhnya.

 Berikut catatan sejarah gempa Jember periode 1896 hingga 2021 yang dirangkum
Daryono:

 1\. Gempa Lumajang-Jember 1896, guncangan mencapai skala intensitas VI MMI
menyebabkan banyak rumah rusak ringan-sedang.

 2\. Gempa Jember 1967, guncangan mencapai skala intensitas VIII-IX MMI
menyebabkan banyak rumah rusak berat.

 3\. Gempa Jember 8 Juli 2013 magnitudo 5,9 menyebabkan 7 rumah warga rusak.

 4\. Gempa Jember 16 November 2016 magnitudo 6.2 menyebabkan banyak rumah
rusak.

 5\. Gempa Jember 10 Oktober 2018 magnitudo 6,1 menyebabkan kerusakan bangunan
rumah dan fasilitas umum

 6\. Gempa Jember 16 Desember 2021 magnitudo 5,0 menyebabkan lebih dari 38
rumah rusak.

 7\. Terakhir, gempa Jember 16 Desember 2021 magnitudo 5,0 kemarin, dipicu
aktivitas sesar aktif di dasar laut yang menyebabkan lebih dari 38 bangunan
rumah rusak. Gempa ini ternyata memiliki lokasi episenter sangat dekat dengan
gempa merusak di Jember pada 1967, dengan guncangan mencapai skala intensitas
VIII-IX MMI hingga menyebabkan banyak rumah rusak berat saat itu.

 ","Minggu, 19 Des 2021 13:54 WIB

"
"BMKG Sebut Gempa Jember Jadi Alarm Pentingnya Bangunan yang Tak Asal Bangun

","BMKG Sebut Gempa Jember Jadi Alarm Pentingnya Bangunan yang Tak Asal Bangun

Gempa magnitudo 5 yang terjadi di

 Secara rinci, ada 34 rumah rusak ringan, 11 rumah rusak sedang dan 1 rumah
rusak berat. Sedangkan untuk kecamatan terdampak bertambah dari 5 menjadi 6
wilayah.

 ""Gempa merusak di Jember Selatan kemarin merupakan alarm penting untuk
mengingatkan kita semua bahwa kualitas bangunan rumah kita terkait gempa
sangat buruk,"" kata Koordinator Bidang Mitigasi Gempa Bumi dan Tsunami BMKG,
Daryono, Minggu (19/12/2021).

 Daryono menyebut, jika gempa dengan magnitudo 5 saja sudah membuat rumah
rusak, lalu bagaimana jika gempa yang terjadi memiliki magnitudo 6, 7 dan 8?

 ""Banyaknya kerusakan bangunan rumah akibat gempa Jember bermagnitudo 5,0
menunjukkan mitigasi struktural kita terkait kualitas bangunan tahan gempa,
dan aman gempa belum berjalan dengan baik,"" imbuhnya.

 Untuk itu, Daryono mengatakan perlu ada evaluasi dan penilaian pada seluruh
bangunan di setiap daerah rawan gempa. Namun, jika belum mampu membangun
bangunan rumah tahan gempa, Daryono memaparkan sejumlah alternatifnya.

 ""Sebagai alternatif bangunlah rumah ramah gempa berbahan ringan, bisa terbuat
dari kayu dan bambu yang didesain menarik, yang penting bukan rumah tembok
asal bangun, tanpa ada besi tulangan dengan kualitas tembok yang buruk yang
membahayakan penghuninya,"" paparnya.

 Di kesempatan ini, Daryono menegaskan peristiwa gempa sebenarnya tidak
membunuh atau melukai. Namun, kebanyakan korban terluka akibat reruntuhan
bangunan yang roboh diguncang gempa.

 ""Gempa sebenarnya tidak membunuh atau melukai, tetapi rumah yang roboh saat
diguncang gempa adalah penyebabnya. Sehingga solusi utama terkait mitigasi
gempa adalah merealisasi bangunan tahan gempa atau ramah gempa,"" pungkasnya.

 ","Minggu, 19 Des 2021 16:11 WIB

"
"Gempa M 4,9 Terjadi di Nagan Raya Aceh

","Gempa M 4,9 Terjadi di Nagan Raya Aceh

M 4,9 terjadi di Kabupaten

 melaporkan gempa terjadi pada Minggu (19/12/2021) pukul 21.34 WIB. Titik
koordinat gempa terjadi di 4.59 lintang utara dan 96.40 bujur timur.

 Pusat gempa terjadi di darat dengan jarak 40 km dari arah timur laut Kabupaten
Nagan Raya, Aceh.

 Gempa memiliki kedalaman 2 km.

 Gempa di Nagan Raya ini dirasakan hingga Takengon dan Aceh Tengah dengan skala
MMI II yang berarti getaran dirasakan oleh beberapa orang, benda-benda ringan
yang digantung bergoyang.

 ","Minggu, 19 Des 2021 23:15 WIB

"
"Gempa Jember M 5 Rusak 14 Bangunan Mulai Rumah Hingga Ponpes

","Gempa Jember M 5 Rusak 14 Bangunan Mulai Rumah Hingga Ponpes

Gempa berkekuatan Magnitudo 5 mengguncang Jember. Gempa ini mengakibatkan 14
bangunan rusak.

 ""Data sementara, ada 14 bangunan mengalami kerusakan,"" kata Sekretaris

 Menurut Heru belasan bangunan itu mengalami kerusakan ringan hingga berat.
Rinciannya, 9 bangunan rusak ringan, 4 rusak sedang dan satu bangunan rusak
berat.

 ""Dari 14 bangunan yang mengalami kerusakan, ada 1 bangunan pondok pesantren.
Sisanya merupakan rumah warga,"" terangnya.

 Bangunan rusak tersebar di 5 kecamatan. Antara lain, kecamatan Ambulu,
Tempurejo, Puger, Wuluhan, dan Silo.

 ""Sampai saat ini belum ada laporan mengenai korban luka mau pun korban jiwa.
Mudah-mudahan saja tidak ada,"" ungkap Heru.

 Heru juga mengimbau warga untuk berhati-hati agar tidak mendekat ke bangunan
yang rusak akibat

 ""Misalnya tembok yang retak, kan rawan roboh,"" tandasnya.

 ""Juga jangan mudah percaya dengan informasi yang belum jelas sumbernya,""
imbuhnya.

 ","Kamis, 16 Des 2021 12:20 WIB

"
"Tiga Orang Terluka Dampak Gempa Jember M 5

","Tiga Orang Terluka Dampak Gempa Jember M 5

yang mengguncang Jember membuat sejumlah bangunan rusak. Selain itu, 3 orang
dilaporkan mengalami luka-luka.

 ""Untuk korban luka ada 3 orang. Mereka semua mengalami luka ringan,"" kata
Kabid Kedaruratan dan Logistik BPBD Jember Penta Satria kepada detikcom, Kamis
(16/12/2021).

 Ketiga korban, lanjut Penta, sudah mendapat penanganan medis. Kondisi mereka
juga telah membaik.

 ""Korban sudah tertangani semua untuk saat ini,"" tandasnya.

 Ketiga korban yang mengalami luka ringan itu, Siti Lutfia (30), mengalami luka
di tangan dan kaki. Kemudian Tari (70), mengalami luka di kepala.

 Terakhir, Endang Sulistyowati (19), mengalami luka di tangan, dada, punggung
dan kaki. Semua korban luka merupakan warga Dusun Watu Ulo, Desa Sumberejo,
Kecamatan Ambulu.

 Sementara rumah yang rusak terdata sebanyak 30 rumah. Dengan rincian, 23 rumah
rusak ringan, 6 rumah rusak sedang dan 1 rumah rusak berat.

 ""Juga ada atap Balai Desa Wonoasri (Kecamatan Tempurejo) yang ambruk,"" tambah
Penta.

 Ada 5 kecamatan di Jember yang terdampak gempa. Yakni Kecamatan Tempurejo,
Ambulu, Wuluhan, Puger dan Silo.

 Namun demikian, lanjut Penta, terkait pengumpulan data dari dampak

 ""Ini belum final karena kita masih terus melakukan pendataan,"" tandasnya.

 ","Kamis, 16 Des 2021 16:23 WIB

"
"Update Dampak Gempa Jember M 5, 46 Rumah Rusak-6 Orang Luka

","Update Dampak Gempa Jember M 5, 46 Rumah Rusak-6 Orang Luka

BPBD Jember terus melakukan pendataan mengenai dampak

 Secara rinci ada 34 rumah rusak ringan, 11 rumah rusak sedang dan 1 rumah
rusak berat. Dan untuk kecamatan terdampak bertambah dari 5 menjadi 6 wilayah.

 ""Kecamatan Ambulu, Tempurejo, Wuluhan, Puger, Silo, dan Sukorambi. Namun kami
masih terus melakukan update data terkait data dampak gempa ini. Hasil data
ini dari asesmen relawan dibantu perangkat desa setempat,"" ujar Kepala BPBD
Jember Sigit Akbari, Jumat (17/12/2021).

 Untuk kerusakan rumah, lanjut Sigit, baik ringan, sedang, ataupun berat,
terbanyak terdapat di wilayah Kecamatan Ambulu.

 ""Ada sebanyak 33 rumah yang terdampak

 Untuk korban dalam musibah gempa tersebut, Sigit juga menambahkan tdak ada
korban jiwa.

 ""Hanya korban luka akibat kejatuhan (atap) seperti genteng. Ada juga yang
kakinya terkilir, ada 2 orang. Hanya luka ringan saja. Tapi total 6 orang
paling banyak wilayah Kecamatan Ambulu,"" ucapnya.

 ""Para korban-korban tersebut mendapatkan penanganan dari puskesmas setempat.
Ada juga 4 fasum terdampak gempa dan rusak, ada sekolah dan balai desa yang
rusak,"" pungkas Sigit.

 ","Jumat, 17 Des 2021 14:43 WIB

"
"BMKG Mutakhirkan Gempa Jember Jadi Magnitudo 5

","BMKG Mutakhirkan Gempa Jember Jadi Magnitudo 5

Warga Jember dikagetkan dengan guncangan gempa bermagnitudo 5.1.

 Berikut 5 fakta gempa terkini di Jember yang dihimpun detikcom :

 Kepala Pusat Gempa Bumi dan Tsunami BMKG Bambang Setiyo Prayitno mengatakan
episenter gempa ini terjadi di koordinat 8,55° LS dan 113,48° BT, atau
tepatnya berlokasi di laut pada jarak 43 km arah Barat Daya Kota Jember, Jawa
Timur pada kedalaman 26 km.

 ""Hasil analisis BMKG menunjukkan gempabumi ini memiliki parameter update
dengan magnitudo M5,0,"" kata Bambang dalam keterangannya yang diterima
detikcom di Surabaya, Kamis (16/12/2021).

 Gempa Jember Magnitudo 5.1 dirasakan warga Banyuwangi. Aktivitas masyarakat
sempat terhenti, karena warga kaget dengan getaran gempa tersebut. Warga
Banyuwangi sempat lari keluar rumah karena getaran gempa terasa sekali. Dia
mengaku kaget atas guncangan gempa tadi.

 ""Iya tadi kerasa sekali, saya keluar rumah lari,"" kata Dana, warga
Pengantigan, Banyuwangi, Kamis (16/12/2021).

 Sementara itu, Kepala Pusat Gempa Bumi dan Tsunami BMKG Bambang Setiyo
Prayitno mengatakan guncangan gempa bumi dirasakan di sejumlah wilayah lain.

 Misalnya di daerah Puger, Jember dirasakan V MMI atau getaran dirasakan hampir
semua penduduk, orang banyak terbangun. Lalu di Jember termasuk IV MMI atau
bila pada siang hari dirasakan oleh orang banyak dalam rumah.

 Sedangkan di Denpasar, Kuta, Legian masuk dalam III MMI atau getaran dirasakan
nyata dalam rumah. Terasa getaran seakan akan truk berlalu.

 ""Banyuwangi II hingga III MMI atau getaran dirasakan nyata dalam rumah. Terasa
getaran seakan akan truk berlalu dan Jimbaran, Karangkates, Lumajang,
Bondowoso II MMI atau getaran dirasakan oleh beberapa orang, benda-benda
ringan yang digantung bergoyang,"" papar Bambang.

 

 ","Kamis, 16 Des 2021 09:49 WIB

"
"BMKG Ungkap Gempa M 7,4 NTT Sesar Aktif Belum Pernah Teridentifikasi

","BMKG Ungkap Gempa M 7,4 NTT Sesar Aktif Belum Pernah Teridentifikasi

Badan Meteorologi, Klimatologi, dan Geofisika (

 ""Gempa di Laut Flores yang berpotensi tsunami ini merupakan peringatan penting
untuk kita semua bahwa sumber gempa sesar aktif yang mampu membangkitkan gempa
kuat dan dapat memicu tsunami ternyata masih ada dan belum teridentifikasi dan
terpetakan,"" ujar Kepala Bidang Mitigasi Gempa Bumi dan Tsunami BMKG Daryono
dalam keterangannya, Jumat (17/12/2021).

 Daryono menjelaskan, selama ini BMKG hanya mengidentifikasi dan memetakan
aktivitas gempa dari Sesar Naik Flores. Sementara gempa M 7,4 di Laut Flores
pada Selasa (14/12) lalu merupakan sesar geser dan tidak berada di Sesar Naik
Flores.

 ""Kalau kita melihat mekanisme sumbernya gempa ini dipicu oleh mekanisme sesar
geser sehingga meskipun pusat gempa ini sangat dekat dengan jalur sumber gempa
Sesar Naik Flores, pembangkit gempa ini bukan Sesar Naik Flores. Sesar Naik
Flores dicirikan memiliki mekanisme naik, sedangkan gempa (M 7,4) yang terjadi
(Selasa 14/12) kemarin memiliki mekanisme geser,"" jelasnya.

 ""Tampak episenter (titik gempa) yang kemarin terjadi pada tanggal 14 Desember
itu tidak berada di jalur sesar yang sudah ada. Artinya gempa sebesar ini
jalur sesarnya belum terpetakan,"" lanjut Daryono.

 Hal yang turut menjadi perhatian, gempa M 7,4 pada Selasa (14/12) lalu terjadi
di wilayah yang sensitivitas kegempaannya rendah. Tidak ada aktivitas gempa
yang menonjol selama ini di titik tersebut.

 ""Ini artinya menjadi catatan lagi, bahwa sesar yang berpotensi terjadi gempa
kuat seperti yang kemarin itu, itu pun tidak menunjukkan adanya sebuah klaster
yang aktif, yang menonjol dalam peta sensitivitas kami dari 2009 sampai 2021,
umurnya cukup panjang juga, tapi ternyata di daerah ini tidak ada klaster
aktif,"" terang Daryono.

 Daryono mengungkapkan, gempa M 7,4 NTT dikategorikan sebagai gempa tipe 1,
yang artinya dari

 ""Di sini Sesar Naik Flores itu tampak dari aktivitas yang mengklaster dan
memiliki sensitivitas yang relatif tinggi,"" imbuhnya.

 Daryono juga mengingatkan bahwa kawasan Sunda Kecil atau wilayah Bali, NTB,
hingga NTT merupakan kawasan yang sangat rawan terjadi tsunami. Sejak 19800-an
hingga saat ini, setidaknya sudah pernah terjadi 22 kali tsunami di wilayah
tersebut.

 ""Itu kalau kita rata-rata dan kita hitung itu frekuensinya, itu sekitar 11
tahun sekali terjadi tsunami,"" paparnya.

 Sebelumnya diberitakan, BMKG mencatat hingga hari ini ada 663 kali gempa
susulan setelah gempa berkekuatan magnitudo (M) 7,4 terjadi di Laut Flores,
Nusa Tenggara Timur, pada Selasa (14/3) lalu. Masyarakat diminta tidak panik
karena hal tersebut wajar terjadi setelah adanya gempa besar.

 ""Hingga hari ini Jumat 17 Desember 2021 pukul 16.00 Wita sore tadi menunjukkan
telah terjadi 663 kali aktivitas gempa susulan atau

 Dalam catatan BMKG, pada Selasa (14/12) terjadi 265 kali gempa susulan,
sedangkan pada Rabu (15/12) terjadi 230 kali gempa susulan, Kamis (16/12)
terjadi 145 kali gempa susulan, dan Jumat (17/12) sore ini tercatat ada 23
kali gempa susulan.

 ""Catatan gempa susulan terbesar magnitudo (M) 6,8 sedangkan gempa susulan
terkecil M 2,9,"" katanya.

 ","Jumat, 17 Des 2021 19:41 WIB

"
"Gempa Bumi Hari Ini di Mana Saja? Ini Informasinya

","Gempa Bumi Hari Ini di Mana Saja? Ini Informasinya

terjadi di beberapa wilayah Indonesia. Data gempa bumi hari ini, Jumat
(17/12/2021), dirilis oleh Badan Meteorologi, Klimatologi dan Geofisika
(BMKG).

 Meskipun tidak berpotensi bencana lain, masyarakat diimbau untuk tetap hati-
hati. Berikut beberapa daerah yang diinformasikan mengalami gempa bumi hari
ini.

 Gempa bumi hari ini terjadi di sebagian wilayah Indonesia. Melansir akun
twitter BMKG @infoBMKG, ini 2 daerah yang mengalami gempa bumi hari ini, Jumat
(17/12/2021).

 Gempa bumi juga terjadi di wilayah Jember, Jawa Timur pada Kamis (16/12/2021)
sekitar pukul 06.01 WIB. Gempa ini bermagnitudo 5.1 dengan kedalaman 26
kilometer.

 Kepala Pusat Gempa Bumi dan Tsunami BMKG Bambang Setiyo Prayitno mengatakan,
titik gempa berlokasi di laut pada jarak 43 km arah Barat Daya Kota Jember,
Jawa Timur. Adapun kedalaman gempa bumi mencapai 26 km.

 ""Hasil analisis BMKG menunjukkan gempa bumi ini memiliki parameter update
dengan magnitudo M5,0,"" ucap Bambang di Surabaya, Kamis (16/12/2021).

 Gempa bumi di Jember dirasakan hingga masyarakat Banyuwangi. Aktivitas mereka
sempat terhenti karena terkejut dengan getaran gempa. Masyarakat Banyuwangi
juga sempat berlarian keluar rumah karena kuatnya getaran gempa.

 Gempa bumi di Jember membuat sejumlah warga panik. Gempa tersebut diketahui
terjadi akibat aktivitas sesar aktif di dasar laut.

 ""Dengan memperhatikan lokasi episenter dan kedalaman hiposenternya, gempa bumi
yang terjadi merupakan jenis gempa dalam lempeng atau intraplate earthquake
yang dipicu aktivitas sesar aktif di dasar laut,"" ujar Bambang.

 Beberapa daerah sempat terkena dampak gempa bumi di Jember. Melansir situs
resmi BMKG, berikut 9 daerah yang merasakan gempa Jember, Kamis (16/12)
kemarin.

 Gempa Jember terjadi pada Kamis (16/12/2021) bermagnitudo 5.1 dengan kedalaman
10 km. Diketahui juga bahwa gempa Jember kemarin tidak menimbulkan tsunami.

 ""#Gempa Mag:5.1, 16-Des-21 06:01:33 WIB, Lok:8.55 LS,113.49 BT (42 km
BaratDaya JEMBER-JATIM), Kedlmn:10 Km, tdk berpotensi tsunami #BMKG,"" tulis
akun twitter BMKG.

 ","Jumat, 17 Des 2021 16:06 WIB

"
"Gempa Darat M 3,0 Terjadi di Cianjur

","Gempa Darat M 3,0 Terjadi di Cianjur

bermagnitudo (M) 3,0 terjadi di

 melaporkan gemp aitu terjadi pada Senin (20/12/2021) pukul 07.41 WIB.

 Titik koordinat gempa terjadi pada 6.99 lintang selatan dan 107.16 bujur
timur.

 Gempa berpusat di darat dengan jarak 18 km dari arat tenggara Kabupaten
Cianjur. Gempa memiliki kedalaman 5 km.

 Gempa ini dirasakan hingga wilayah Cibeber dengan skala MMI II, yang berarti
getaran dirasakan oleh beberapa orang, benda-benda ringan yang digantung
bergoyang.

 ","Senin, 20 Des 2021 08:30 WIB

"
"Gempa Guncang Cianjur, BMKG Ungkap Penyebabnya

","Gempa Guncang Cianjur, BMKG Ungkap Penyebabnya

Gempa bumi berkekuatan M 3,0 mengguncang Kabupaten Cianjur, tepatnya pada
jarak 18 KM tenggara Cianjur pada kedalaman 5 kilometer. Kejadian itu terjadi
pada Senin (20/12/2021) pukul 07.41 WIB.

 Kepala BBMKG Wilayah II Tangerang Hendro Nugroho mengatakan gempa tersebut
merupakan jenis gempa bumi dangkal akibat aktivitas sesar lokal.

 ""Dengan memperhatikan lokasi episenter dan kedalaman hiposenternya, gempa bumi
yang terjadi merupakan jenis gempa bumi dangkal akibat aktivitas sesar lokal,""
kata Hendro dalam keterangan yang diterima

 Dampaknya, gempa bumi ini di wilayah Cibeber, Kabupaten Cianjur dengan skala
intensitas II MMI (dirasakan beberapa orang, benda-benda ringan yang digantung
bergoyang). ""Namun hingga saat ini belum ada laporan mengenai kerusakan
bangunan sebagai dampak gempa bumi tersebut. Hingga pukul 08:03 WIB, hasil
monitoring BMKG belum menunjukkan adanya aktivitas gempa bumi susulan,""
katanya.

 Ia pun merekomendasikan agar masyarakat tetap tenang dan tidak terpengaruh
oleh isu yang tidak dapat dipertanggungjawabkan kebenarannya. ""Pastikan
informasi resmi hanya bersumber dari BMKG yang disebarkan melalui kanal
komunikasi resmi yang telah terverifikasi,"" kata Hendro.

 ","Senin, 20 Des 2021 09:11 WIB

"
"7 Rumah-1 Tempat Ibadah Rusak Akibat Gempa 5,6 M di Maluku Barat Daya

","7 Rumah-1 Tempat Ibadah Rusak Akibat Gempa 5,6 M di Maluku Barat Daya

Maluku Barat Daya (MBD),

 Badan Nasional Penanggulangan Bencana (BNPB) masih melakukan koordinasi dengan
BPBD setempat terkait dampak gempa tersebut. Saat gempa M 5,6 terjadi,
guncangan sedang dirasakan warga selama 1-2 detik.

 ""Warga panik hingga berhamburan keluar rumah. Di Kecamatan Damer, warga
merasakan guncangan cukup keras. Pada gempa kedua, M 5,3, warga merasakan
guncangan sedang dengan durasi yang sama,"" kata Plt Kepala Pusat Data
Informasi dan Komunikasi Kebencanaan BNPB Abdul Muhari dalam keterangan
tertulis, Kamis (16/12/2021).

 Gempa pertama berdampak pada kerusakan bangunan, seperti di Desa Bebar Barat,
Desa Ilih dan Desa Kehli. Hingga kini tidak ada laporan dampak korban jiwa
ataupun pengungsian warga akibat gempa tersebut.

 Data BPBD Kabupaten MBD mencatat rumah warga yang mengalami kerusakan di di
Desa Bebar Barat 1 unit, Desa Ilih 1 unit, dan Kehli 5 unit. Selain kerusakan
rumah warga, tempat ibadah 1 unit di Desa Ilih mengalami kerusakan.

 Gempa M 5,6 berpusat 163 km timur laut MBD dengan kedalaman 26 km. Sedangkan
gempa kedua berpusat 217 km timur laut MBD dan berkedalaman 385 km. Kedua
gempa ini berpusat di sekitar Laut Banda.

 Berdasarkan kajian inaRISK, sebanyak 17 kecamatan di Kabupaten MBD memiliki
potensi bahaya gempa dengan kategori sedang hingga tinggi. Salah satu
kecamatan dengan potensi tersebut adalah Kecamatan Damer, yang teridentifikasi
adanya kerusakan bangunan.

 Diberitakan sebelumnya, gempa pertama terjadi pukul 11.26 WIB berkekuatan M
5,6 dan gempa kedua pukul 18.03 WIB dengan kekuatan M 5,3.

 ","Kamis, 16 Des 2021 22:24 WIB

"
"Gempa M 4,9 Guncang Seluma Bengkulu

","Gempa M 4,9 Guncang Seluma Bengkulu

berkekuatan magnitudo (M) 4,9 mengguncang Kabupaten Seluma, Bengkulu. Gempa
tidak menimbulkan potensi tsunami.

 melaporkan gempa itu terjadi pada Minggu (26/12/2021) pukul 21.09 WIB. Titik
koordinat gempa di 4.57 lintang selatan dan 102.09 bujur timur.

 Gempa berpusat di laut dengan jarak 77 km dari arah barat daya Kabupaten
Seluma.

 Gempa memiliki kedalaman 22 km.

 Gempa dirasakan hingga wilayah Arga Makmur dan Kota Bengkulu dengan skala MMI
II, yang berarti getaran dirasakan oleh beberapa orang, benda-benda ringan
yang digantung bergoyang.

 ","Minggu, 26 Des 2021 21:50 WIB

"
"Gempa Pagi Hari di Jember, 30 Rumah Rusak-3 Korban Luka

","Gempa Pagi Hari di Jember, 30 Rumah Rusak-3 Korban Luka

Warga Jember sempat dikagetkan guncangan

 Kepala Pusat Gempa Bumi dan Tsunami BMKG Bambang Setiyo Prayitno mengatakan
episenter gempa ini terjadi di koordinat 8,55° LS dan 113,48° BT, atau
tepatnya berlokasi di laut pada jarak 43 km arah Barat Daya Kota Jember, Jawa
Timur di kedalaman 26 km.

 ""Hasil analisis BMKG menunjukkan gempa bumi ini memiliki parameter update
dengan magnitudo M5,0,"" kata Bambang dalam keterangannya yang diterima
detikcom di Surabaya, Kamis (16/12/2021).

 Gempa ini dirasakan hingga Banyuwangi. Aktivitas masyarakat sempat terhenti,
karena warga kaget dengan getaran gempa tersebut. Warga Banyuwangi sempat lari
keluar rumah karena getaran gempa terasa sekali. Dia mengaku kaget atas
guncangan gempa.

 Bambang mengatakan guncangan gempa bumi dirasakan di sejumlah wilayah lain.
Misalnya di daerah Puger, Jember dirasakan V MMI atau getaran dirasakan hampir
semua penduduk, orang banyak terbangun. Lalu di Jember termasuk IV MMI atau
bila pada siang hari dirasakan oleh orang banyak dalam rumah.

 Sedangkan di Denpasar, Kuta, Legian masuk dalam III MMI atau getaran dirasakan
nyata dalam rumah. Terasa getaran seakan akan truk berlalu.

 ""Banyuwangi II hingga III MMI atau getaran dirasakan nyata dalam rumah. Terasa
getaran seakan akan truk berlalu dan Jimbaran, Karangkates, Lumajang,
Bondowoso II MMI atau Getaran dirasakan oleh beberapa orang, benda-benda
ringan yang digantung bergoyang,"" papar Bambang

 Di kesempatan ini, Bambang mengatakan gempa ini dipicu aktivitas sesar aktif
di dasar laut.

 

 ","Jumat, 17 Des 2021 09:42 WIB

"
"Gempa M 5,5 Terjadi di Bolaang Mongondow Selatan Sulut

","Gempa M 5,5 Terjadi di Bolaang Mongondow Selatan Sulut

berkekuatan magnitudo 5,5 terjadi di wilayah

 melaporkan gempa itu terjadi pada Minggu (26/12/2021) pukul 22.01 WIB. Titik
koordinat gempa terjadi di 0.06 lintang selatan dan 123.49 bujur timur.

 Gempa berpusat di laut dengan jarak 73 km dari arah barat daya Bolaang
Mongondow Selatan. Gempa memiliki kedalaman 90 km.

 ""Tidak berpotensi tsunami,"" tulis BMKG.

 Gempa itu dirasakan hingga Kotamobagu, Gorontalo, Luwuk, Malili, hingga Poso.
Gempa dirasakan dengan skala MMI II-III.

 Skala II berarti getaran dirasakan oleh beberapa orang, benda-benda ringan
yang digantung bergoyang. Sedangkan skala III yakni getaran dirasakan nyata
dalam rumah, terasa getaran seakan-akan ada truk berlalu.

 ","Minggu, 26 Des 2021 22:29 WIB

"
"4.838 Warga Selayar-226 Warga Sikka Masih Mengungsi Akibat Gempa M 7,4 NTT

","4.838 Warga Selayar-226 Warga Sikka Masih Mengungsi Akibat Gempa M 7,4 NTT

melaporkan perkembangan penanganan

 Data jumlah warga Selayar yang masih mengungsi itu dihimpun BNPB pada Kamis
(16/12/2021), pukul 17.00 WIB. Para pengungsi tercatat berasal dari sejumlah
titik di dua kecamatan, yaitu Kecamatan Pasimarannu dan Kecamatan Pasilambena.

 ""Mereka tersebar di 34 titik pengungsian di Kecamatan Pasimarannu dan
Pasilambena,"" kata Plt Kepala Pusat Data, Informasi, dan Komunikasi
Kebencanaan BNPB Abdul Muhari dalam keterangan tertulis, malam ini.

 Sebaran titik pengungsian di Kecamatan Pasimarannu berada di Mintu'u 6 titik
dengan jumlah penyintas terbanyak, yaitu 2.200 jiwa. Sedangkan di Lambego 6
titik dengan 900 jiwa, Lakawu 3 titik 500 jiwa, Puncak Majapahit 1 titik 250
jiwa, Lamantu 6 titik 200 jiwa, dan Langundi 1 titik 50 jiwa.

 Pada Kecamatan Pasilambena, lokasi pengungsian ada di Desa Lembangmatene 1
titik sebanyak 200 jiwa, Latokdo Timjur 1 titik sebanyak 192 jiwa, Kalaotoa 8
titik sebanyak 300 jiwa, dan Barumbung 1 titik sebanyak 46 jiwa.

 Gempa M 7,4 NTT yang terjadi dua hari lalu itu tidak memakan korban jiwa.
Namun, tercatat ada satu warga luka berat dan 96 lainnya luka ringan.

 Selain pengungsian, gempa berdampak pada sejumlah kerusakan bangunan, antara
lain rumah rusak berat 825 unit dan rusak ringan 502 unit. Sedangkan pada
fasilitas umum, masjid rusak berat 3 unit, pelabuhan rakyat rusak berat 1,
rumah jabatan kades rusak berat 1, dan gudang rusak ringan 2.

 ""Di samping itu, sekolah 5 unit dan 1 balai pertemuan warga terdampak. Petugas
pendataan masih mendata tingkat kerusakan keenam bangunan tersebut,"" ucapnya.

 Sementara itu, Pusat Pengendalian Operasi BNPB juga memantau adanya
pengungsian di Kabupaten Sikka, NTT. Tercatat sebanyak 226 jiwa masih
mengungsi di aula rumah jabatan Bupati Sikka. Sedangkan di wilayah Kabupaten
Manggarai, NTT, 1 warga mengalami luka ringan.

 Abdul Muhari berpesan bagi BPBD yang wilayah merasakan guncangan kuat bersiaga
untuk mengantisipasi dampak gempa susulan. Menurutnya, BPBD telah mengimbau
warga yang kembali ke rumah untuk mengecek kondisi bangunan untuk
mengantisipasi dampak yang lebih buruk.

 Badan Meteorologi, Klimatologi, dan Geofisika (BMKG) mencatat 547 gempa
susulan dengan skala di atas magnitudo 5,0 hingga Kamis (16/12), pukul 17.00
WIB. BNPB menghimbau warga yang rumahnya tidak mengalami kerusakan pascagempa
M 7,4 bisa kembali ke rumah masing-masing dan beraktivitas seperti biasa
dengan tetap memperhatikan informasi dari BMKG.

 ","Kamis, 16 Des 2021 22:16 WIB

"
"Cerita Remaja di Jember Terjebak di Kamar Mandi saat Gempa M 5 Terjadi

","Cerita Remaja di Jember Terjebak di Kamar Mandi saat Gempa M 5 Terjadi

Seorang remaja perempuan di Jember terjebak di kamar mandi saat

 ""Anak saya waktu itu sedang di kamar mandi waktu gempa terjadi,"" kata orang
tua korban, Abdul Rosyid, Kamis (16/12/2021).

 Pria warga Dusun Watu Ulo, Desa Sumberejo, Kecamatan Ambulu itu menceritakan
beberapa saat sebelum terjadi gempa, putrinya masuk kamar mandi untuk buang
air. Tak berselang lama, terjadi guncangan hebat.

 ""Itu yang di kamar mandi anak saya yang nomor dua, Endang (18). Nggak bisa
lari karena di dalam,"" kata Abdul Rosyid.

 Akibatnya, tubuh Endang tertimpa plafon atap kamar mandi. Perempuan ini
mengalami luka.

 ""Langsung dibawa ke puskesmas. Luka di kaki, kepala dan tangan,"" kata Abdul
Rosyid.

 Rumah Abdul Rosyid sendiri mengalami kerusakan pada bagian dapur. Plafon dan
genteng bagian dapur runtuh.

 ""Termasuk plafon kamar mandi lokasinya jadi satu dengan ruang dapur,"" ujarnya.

 Kendati rumahnya rusak dan anggota keluarganya ada yang luka, pria itu masih
bersyukur semua anggota keluarganya selamat. Mengingat guncangan gempa yang
dirasa cukup besar hingga genteng dapur rumahnya berjatuhan.

 ""Bersyukur masih selamat semua,"" pungkasnya.

 Jember diguncang

 ","Kamis, 16 Des 2021 12:33 WIB

"
